template_id,item_id,domain,intent_gold,n_options,leak_margin,state,options,criteria
access:k00,ph1_access_0011,access,access,4,+0.233,I changed phones last week and now I cannot sign in to my account. The password reset email for the billing page never arrives and I am locked out before on Friday.,access | info | billing | urgency,"access: a request about getting in: sign-in, a password, a permission, or an account lock || info: a request that only asks for information and needs no change to an account || billing: a request about money: a charge, an invoice, a refund, or a payment method || urgency: a request that needs immediate action because something is broken now or a deadline is close"
access:k01,ph1_access_0003,access,access,2,+0.200,My password for the settings panel stopped working this morning and the reset link does not arrive for the design group. I need to get in this afternoon.,billing | access,"billing: a request about money: a charge, an invoice, a refund, or a payment method || access: a request about getting in: sign-in, a password, a permission, or an account lock"
access:k02,ph1_access_0028,access,access,3,+0.000,I was removed from our onboarding group by someone else and I can no longer log in to the shared workspace. Please restore the access I had before this afternoon.,billing | access | info,"billing: a request about money: a charge, an invoice, a refund, or a payment method || access: a request about getting in: sign-in, a password, a permission, or an account lock || info: a request that only asks for information and needs no change to an account"
access:k03,ph1_access_0005,access,access,4,+0.000,Two-factor authentication is blocking me from signing in to the mobile app for my team. I do not have my code device with me and I need access before the board meeting.,billing | access | info | urgency,"billing: a request about money: a charge, an invoice, a refund, or a payment method || access: a request about getting in: sign-in, a password, a permission, or an account lock || info: a request that only asks for information and needs no change to an account || urgency: a request that needs immediate action because something is broken now or a deadline is close"
access:k04,ph1_access_0006,access,access,2,+0.400,My login for the API gateway says my credentials are invalid even though the password is right. Please check what is wrong with the account for our workspace.,access | urgency,"access: a request about getting in: sign-in, a password, a permission, or an account lock || urgency: a request that needs immediate action because something is broken now or a deadline is close"
access:k05,ph1_access_0020,access,access,4,+0.233,I cannot access the billing records on my account this billing cycle. The page says I lack permission for the design group although I should be able to see them tomorrow.,info | urgency | billing | access,"info: a request that only asks for information and needs no change to an account || urgency: a request that needs immediate action because something is broken now or a deadline is close || billing: a request about money: a charge, an invoice, a refund, or a payment method || access: a request about getting in: sign-in, a password, a permission, or an account lock"
access:k06,ph1_access_0002,access,access,4,+0.033,Please help me regain access to the report viewer: the account for our onboarding group is locked and support closed my last request without an answer.,billing | info | access | urgency,"billing: a request about money: a charge, an invoice, a refund, or a payment method || info: a request that only asks for information and needs no change to an account || access: a request about getting in: sign-in, a password, a permission, or an account lock || urgency: a request that needs immediate action because something is broken now or a deadline is close"
access:k07,ph1_access_0001,access,access,3,+0.000,I share the support queue with two colleagues but my role was changed to read-only and I can no longer log in to the editing tools. Please restore write access this afternoon.,urgency | access | info,"urgency: a request that needs immediate action because something is broken now or a deadline is close || access: a request about getting in: sign-in, a password, a permission, or an account lock || info: a request that only asks for information and needs no change to an account"
access:k08,ph1_access_0007,access,access,3,+0.233,"The account for the design group has been locked for twelve days after I failed to sign in, and the password reset for the export tool never arrives. I am completely stuck.",urgency | access | info,"urgency: a request that needs immediate action because something is broken now or a deadline is close || access: a request about getting in: sign-in, a password, a permission, or an account lock || info: a request that only asks for information and needs no change to an account"
access:k09,ph1_access_0008,access,access,4,+0.200,"The password reset email for the export tool has not reached the finance shared inbox at all, so I cannot sign in. This has been going on since by Monday.",access | urgency | info | billing,"access: a request about getting in: sign-in, a password, a permission, or an account lock || urgency: a request that needs immediate action because something is broken now or a deadline is close || info: a request that only asks for information and needs no change to an account || billing: a request about money: a charge, an invoice, a refund, or a payment method"
access:k10,ph1_access_0000,access,access,2,+0.000,"I cannot sign in to the API gateway from Brazil since before the review, although the same credentials work for the support queue elsewhere. Please check whether the Team plan access is region-limited.",billing | access,"billing: a request about money: a charge, an invoice, a refund, or a payment method || access: a request about getting in: sign-in, a password, a permission, or an account lock"
access:k11,ph1_access_0018,access,access,2,+0.000,Permissions on the the design group project in the report viewer were removed by an administrator and now I cannot log in to edit. I have a deadline on Friday.,access | billing,"access: a request about getting in: sign-in, a password, a permission, or an account lock || billing: a request about money: a charge, an invoice, a refund, or a payment method"
billing:k00,ph1_billing_0009,billing,billing,2,+0.333,I was charged twice for the Team plan in March. Both charges are on the same card and the second one was not authorised. Please refund the duplicate charge.,billing | access,"billing: a request about money: a charge, an invoice, a refund, or a payment method || access: a request about getting in: sign-in, a password, a permission, or an account lock"
billing:k01,ph1_billing_0045,billing,billing,2,+0.167,"My invoice for in April shows a $40 line item I do not recognise. I need it explained and, if it is wrong, removed from the bill.",billing | access,"billing: a request about money: a charge, an invoice, a refund, or a payment method || access: a request about getting in: sign-in, a password, a permission, or an account lock"
billing:k02,ph1_billing_0000,billing,billing,2,+0.000,I cancelled the Pro plan last week but in March I was charged again. Please reverse the renewal and confirm by email.,access | billing,"access: a request about getting in: sign-in, a password, a permission, or an account lock || billing: a request about money: a charge, an invoice, a refund, or a payment method"
billing:k03,ph1_billing_0005,billing,billing,4,+0.167,I requested a refund for the Team plan in March and it has not appeared on my statement yet. Can you check where $8.50 went?,access | urgency | info | billing,"access: a request about getting in: sign-in, a password, a permission, or an account lock || urgency: a request that needs immediate action because something is broken now or a deadline is close || info: a request that only asks for information and needs no change to an account || billing: a request about money: a charge, an invoice, a refund, or a payment method"
billing:k04,ph1_billing_0006,billing,billing,2,+0.000,"Please update the card on file for the Team plan before the next billing date, which is on Friday.",billing | info,"billing: a request about money: a charge, an invoice, a refund, or a payment method || info: a request that only asks for information and needs no change to an account"
billing:k05,ph1_billing_0004,billing,billing,3,+0.000,I was charged $19 for the Team plan this month but my agreement says the price is different. Which of the two is correct?,info | access | billing,"info: a request that only asks for information and needs no change to an account || access: a request about getting in: sign-in, a password, a permission, or an account lock || billing: a request about money: a charge, an invoice, a refund, or a payment method"
billing:k06,ph1_billing_0001,billing,billing,3,+0.167,I downgraded my annual plan before this billing cycle and was charged for the old tier anyway. Please correct the charge for $19 and tell me what happens next.,billing | access | info,"billing: a request about money: a charge, an invoice, a refund, or a payment method || access: a request about getting in: sign-in, a password, a permission, or an account lock || info: a request that only asks for information and needs no change to an account"
billing:k07,ph1_billing_0033,billing,billing,2,+0.167,"There is a duplicate subscription charge for the monthly plan on my statement in April. One of them, for $63, should be removed.",billing | access,"billing: a request about money: a charge, an invoice, a refund, or a payment method || access: a request about getting in: sign-in, a password, a permission, or an account lock"
billing:k08,ph1_billing_0020,billing,billing,4,+0.167,"The invoice I received in May bills the finance shared inbox for my Basic plan at $120, but that is not our subscription. Please remove it.",billing | access | urgency | info,"billing: a request about money: a charge, an invoice, a refund, or a payment method || access: a request about getting in: sign-in, a password, a permission, or an account lock || urgency: a request that needs immediate action because something is broken now or a deadline is close || info: a request that only asks for information and needs no change to an account"
billing:k09,ph1_billing_0019,billing,billing,3,+0.167,I was charged for the settings panel this billing cycle although I never subscribed to it. Please refund $63 and confirm nothing is scheduled for by Monday.,billing | urgency | info,"billing: a request about money: a charge, an invoice, a refund, or a payment method || urgency: a request that needs immediate action because something is broken now or a deadline is close || info: a request that only asks for information and needs no change to an account"
billing:k10,ph1_billing_0007,billing,billing,3,+0.056,"I would like a refund of $19 covering four months of the Team plan, because the service was down for most of that time and I could not use what I paid for.",access | billing | urgency,"access: a request about getting in: sign-in, a password, a permission, or an account lock || billing: a request about money: a charge, an invoice, a refund, or a payment method || urgency: a request that needs immediate action because something is broken now or a deadline is close"
billing:k11,ph1_billing_0002,billing,billing,4,-0.167,The price of the premium plan rose to $210 last month without any notice from me. Please explain the change and tell me whether I can keep the old rate until this afternoon.,info | urgency | access | billing,"info: a request that only asks for information and needs no change to an account || urgency: a request that needs immediate action because something is broken now or a deadline is close || access: a request about getting in: sign-in, a password, a permission, or an account lock || billing: a request about money: a charge, an invoice, a refund, or a payment method"
info:k01,ph1_info_0021,info,info,2,+0.000,"I would like to understand how the monthly plan is priced. Is the $8.50 figure monthly, or does it cover the whole year?",info | urgency,info: a request that only asks for information and needs no change to an account || urgency: a request that needs immediate action because something is broken now or a deadline is close
info:k02,ph1_info_0027,info,info,2,+0.000,"Does the settings panel offer a four-month option for the finance shared inbox, and what would the Pro plan cost on that term?",info | billing,"info: a request that only asks for information and needs no change to an account || billing: a request about money: a charge, an invoice, a refund, or a payment method"
info:k03,ph1_info_0002,info,info,4,+0.000,"What happens to my data on the API gateway if I stop using it for a year, and can I export everything first?",urgency | billing | access | info,"urgency: a request that needs immediate action because something is broken now or a deadline is close || billing: a request about money: a charge, an invoice, a refund, or a payment method || access: a request about getting in: sign-in, a password, a permission, or an account lock || info: a request that only asks for information and needs no change to an account"
info:k04,ph1_info_0003,info,info,2,-0.033,"For a piece I am writing about your service: who founded the company, and in what year? Nothing is required on my account.",access | info,"access: a request about getting in: sign-in, a password, a permission, or an account lock || info: a request that only asks for information and needs no change to an account"
info:k05,ph1_info_0011,info,info,4,+0.333,Which regions does the mobile app run in - the UK specifically - and has that list changed recently? I only need the information.,urgency | info | billing | access,"urgency: a request that needs immediate action because something is broken now or a deadline is close || info: a request that only asks for information and needs no change to an account || billing: a request about money: a charge, an invoice, a refund, or a payment method || access: a request about getting in: sign-in, a password, a permission, or an account lock"
info:k06,ph1_info_0007,info,info,3,+0.000,How does the API gateway compare with the two alternatives I am evaluating for the finance shared inbox? I would like the main differences before deciding on the monthly plan.,billing | access | info,"billing: a request about money: a charge, an invoice, a refund, or a payment method || access: a request about getting in: sign-in, a password, a permission, or an account lock || info: a request that only asks for information and needs no change to an account"
info:k07,ph1_info_0001,info,info,3,+0.000,"Is there an academic discount available on my annual plan, and what documents do you need? I can send proof from the design group.",info | access | billing,"info: a request that only asks for information and needs no change to an account || access: a request about getting in: sign-in, a password, a permission, or an account lock || billing: a request about money: a charge, an invoice, a refund, or a payment method"
info:k08,ph1_info_0006,info,info,2,+0.000,"Is there an API for the report viewer, and what are its rate limits? I am sizing a deployment for our workspace that would make about seventy calls a day.",access | info,"access: a request about getting in: sign-in, a password, a permission, or an account lock || info: a request that only asks for information and needs no change to an account"
info:k09,ph1_info_0000,info,info,2,+0.000,"How do I reach support outside business hours, and is there a the Team plan-specific channel that our onboarding group should use instead?",access | info,"access: a request about getting in: sign-in, a password, a permission, or an account lock || info: a request that only asks for information and needs no change to an account"
info:k10,ph1_info_0022,info,info,3,+0.167,"Does the export tool support data residency in Brazil, and does choosing the premium plan change where my team's data is stored?",info | urgency | access,"info: a request that only asks for information and needs no change to an account || urgency: a request that needs immediate action because something is broken now or a deadline is close || access: a request about getting in: sign-in, a password, a permission, or an account lock"
info:k11,ph1_info_0018,info,info,2,+0.000,"What does your documentation say about migrating our workspace off the report viewer, and how long does that take with my annual plan?",access | info,"access: a request about getting in: sign-in, a password, a permission, or an account lock || info: a request that only asks for information and needs no change to an account"
urgency:k00,ph1_urgency_0026,urgency,urgency,4,+0.000,Our production service is returning errors for every request since 09:15 this morning. Please escalate this immediately - all users are affected.,access | billing | urgency | info,"access: a request about getting in: sign-in, a password, a permission, or an account lock || billing: a request about money: a charge, an invoice, a refund, or a payment method || urgency: a request that needs immediate action because something is broken now or a deadline is close || info: a request that only asks for information and needs no change to an account"
urgency:k01,ph1_urgency_0000,urgency,urgency,2,+0.222,the export tool is down for everyone on my team and the deadline is by Monday. This is urgent; I need someone on it now.,urgency | info,urgency: a request that needs immediate action because something is broken now or a deadline is close || info: a request that only asks for information and needs no change to an account
urgency:k02,ph1_urgency_0005,urgency,urgency,4,-0.333,This is an emergency: the payment path for the Pro plan is failing for all users and we are losing money every minute. Please escalate immediately.,access | urgency | billing | info,"access: a request about getting in: sign-in, a password, a permission, or an account lock || urgency: a request that needs immediate action because something is broken now or a deadline is close || billing: a request about money: a charge, an invoice, a refund, or a payment method || info: a request that only asks for information and needs no change to an account"
urgency:k03,ph1_urgency_0001,urgency,urgency,3,-0.056,A critical deadline is before the review and the report viewer has still not deployed the change for our workspace. Please treat this as urgent.,urgency | info | access,"urgency: a request that needs immediate action because something is broken now or a deadline is close || info: a request that only asks for information and needs no change to an account || access: a request about getting in: sign-in, a password, a permission, or an account lock"
urgency:k04,ph1_urgency_0010,urgency,urgency,3,+0.167,All users of the export tool are reporting the same failure right now. It is a sev-1 for us and needs immediate attention.,access | urgency | info,"access: a request about getting in: sign-in, a password, a permission, or an account lock || urgency: a request that needs immediate action because something is broken now or a deadline is close || info: a request that only asks for information and needs no change to an account"
urgency:k05,ph1_urgency_0002,urgency,urgency,4,+0.111,We are before the review from a compliance audit and the report viewer is still broken for our workspace. Please escalate this immediately to whoever can restore it.,urgency | access | info | billing,"urgency: a request that needs immediate action because something is broken now or a deadline is close || access: a request about getting in: sign-in, a password, a permission, or an account lock || info: a request that only asks for information and needs no change to an account || billing: a request about money: a charge, an invoice, a refund, or a payment method"
urgency:k06,ph1_urgency_0016,urgency,urgency,3,+0.111,the mobile app went down at 03:00 and nobody has responded for two hundred hours. All users are blocked. Please escalate now.,info | billing | urgency,"info: a request that only asks for information and needs no change to an account || billing: a request about money: a charge, an invoice, a refund, or a payment method || urgency: a request that needs immediate action because something is broken now or a deadline is close"
urgency:k07,ph1_urgency_0028,urgency,urgency,3,+0.000,Production is failing for every request since midnight and our workspace cannot reach anyone. This is urgent - please escalate immediately.,info | urgency | billing,"info: a request that only asks for information and needs no change to an account || urgency: a request that needs immediate action because something is broken now or a deadline is close || billing: a request about money: a charge, an invoice, a refund, or a payment method"
urgency:k08,ph1_urgency_0037,urgency,urgency,3,+0.111,There is an outage on the billing page affecting the finance shared inbox and seventy other groups. Every request fails and users are calling. Please escalate this now.,urgency | info | billing,"urgency: a request that needs immediate action because something is broken now or a deadline is close || info: a request that only asks for information and needs no change to an account || billing: a request about money: a charge, an invoice, a refund, or a payment method"
urgency:k09,ph1_urgency_0004,urgency,urgency,3,+0.000,Urgent: charges for my annual plan have been failing for all users since before the review and nobody has replied to our onboarding group. Please escalate immediately.,urgency | info | access,"urgency: a request that needs immediate action because something is broken now or a deadline is close || info: a request that only asks for information and needs no change to an account || access: a request about getting in: sign-in, a password, a permission, or an account lock"
urgency:k10,ph1_urgency_0022,urgency,urgency,3,+0.222,the billing page has been returning errors for every request for forty hours and all users are blocked. This is urgent and needs immediate escalation.,access | urgency | billing,"access: a request about getting in: sign-in, a password, a permission, or an account lock || urgency: a request that needs immediate action because something is broken now or a deadline is close || billing: a request about money: a charge, an invoice, a refund, or a payment method"
urgency:k11,ph1_urgency_0014,urgency,urgency,4,+0.333,The deadline is on Friday and the report viewer is still broken for our workspace; all users are affected. Please escalate this now - it cannot wait.,urgency | access | billing | info,"urgency: a request that needs immediate action because something is broken now or a deadline is close || access: a request about getting in: sign-in, a password, a permission, or an account lock || billing: a request about money: a charge, an invoice, a refund, or a payment method || info: a request that only asks for information and needs no change to an account"
